location,house_type,sqft,bedrooms,bathrooms,furnishing,constr_info,floor_no,facing,price
"Sector 88, Mohali, Punjab",['Apartments'],['1481'],['3'],['3'],['Semi-Furnished'],['New Launch'],['4'],['North-East'],"₹ 85,30,000"
"JP Nagar, Mysuru, Karnataka",['Houses & Villas'],['1650'],['3'],['3'],['Furnished'],['Ready to Move'],,['South-East'],"₹ 1,05,00,000"
"Pal Village, Surat, Gujarat",['Apartments'],['3051'],['4'],['4'],['Semi-Furnished'],['Ready to Move'],['2'],['East'],"₹ 1,70,00,000"
"Thevara, Kochi, Kerala",['Houses & Villas'],['3000'],['4'],,,,,,"₹ 1,50,00,000"
"Mayur Vihar, Jaipur, Rajasthan",['Apartments'],['450'],['1'],['1'],['Semi-Furnished'],['Ready to Move'],['1'],['East'],"₹ 10,50,000"
"Mayur Vihar, Jaipur, Rajasthan",['Apartments'],['1200'],['3'],['2'],['Semi-Furnished'],['Ready to Move'],['1'],['East'],"₹ 29,00,000"
"Hanumant Nagar, Jaipur, Rajasthan",['Apartments'],['1200'],['3'],['2'],['Semi-Furnished'],['Ready to Move'],['1'],['East'],"₹ 29,00,000"
"Kakkanad, Kochi, Kerala",['Houses & Villas'],['1500'],['3'],['3'],['Semi-Furnished'],['Ready to Move'],['2'],['East'],"₹ 60,00,000"
"Kakkanad, Kochi, Kerala",['Houses & Villas'],['1600'],['3'],['3'],['Furnished'],['Ready to Move'],['2'],['West'],"₹ 55,00,000"
"Peelamedu, Coimbatore, Tamil Nadu",['Apartments'],['920'],['2'],['2'],['Unfurnished'],['Under Construction'],['1'],['North-East'],"₹ 45,00,000"
"Pantheerankavu, Olavanna, Kerala",['Houses & Villas'],['1400'],['3'],['3'],['Semi-Furnished'],['Under Construction'],['1'],['East'],"₹ 65,00,000"
"Kalwar Road, Jaipur, Rajasthan",['Apartments'],['1050'],['3'],['2'],['Furnished'],['Ready to Move'],['1'],['East'],"₹ 27,92,356"
"Niwaru Road, Jaipur, Rajasthan",['Apartments'],['1050'],['3'],['2'],['Furnished'],['Ready to Move'],['1'],['East'],"₹ 27,99,632"
"Laxmi Nagar, Jaipur, Rajasthan",['Apartments'],['1150'],['3'],,['Furnished'],['Ready to Move'],['1'],['East'],"₹ 27,96,666"
"Nagondapalli, Mathigiri, Tamil Nadu",['Houses & Villas'],['900'],['2'],['2'],['Unfurnished'],['New Launch'],['0'],['East'],"₹ 33,00,000"
"Edapally, Kochi, Kerala",['Houses & Villas'],['1300'],['3'],['3'],['Semi-Furnished'],['Ready to Move'],,,"₹ 41,00,000"
"Waghodia Road, Vadodara, Gujarat",['Apartments'],['00'],['3'],['3'],['Unfurnished'],['Under Construction'],['7'],['East'],"₹ 30,51,000"
"Kazhakoottam, Thiruvananthapuram, Kerala",['Houses & Villas'],['1650'],['3'],['3'],['Semi-Furnished'],['Ready to Move'],,,"₹ 65,00,000"
"Patancheru, Hyderabad, Telangana",['Apartments'],['1285'],['2'],['2'],['Semi-Furnished'],['Under Construction'],['8'],['North-East'],"₹ 36,87,454"
"Bill Road, Vadodara, Gujarat",['Builder Floors'],['2100'],['3'],['3'],['Unfurnished'],['Under Construction'],['1'],['East'],"₹ 41,99,000"
"Ved Vyas Puri, Meerut, Uttar Pradesh",['Houses & Villas'],['1250'],['3'],['3'],['Semi-Furnished'],['Ready to Move'],['1'],['East'],"₹ 32,50,000"
"Ottapalam, Ottappalam, Kerala",['Houses & Villas'],['1500'],['3'],['3'],['Unfurnished'],['Under Construction'],,['East'],"₹ 38,00,000"
"Punkunnam, Thrissur, Kerala",['Houses & Villas'],['2100'],['4'],['3'],['Unfurnished'],['Under Construction'],,['East'],"₹ 80,00,000"
"Punkunnam, Thrissur, Kerala",['Houses & Villas'],['2100'],['3'],['3'],['Unfurnished'],['Under Construction'],,['East'],"₹ 80,00,000"
"Kharadi, Pune, Maharashtra",['Apartments'],['938'],['2'],['2'],['Furnished'],['Ready to Move'],['5'],['East'],"₹ 49,29,000"
"Kharadi, Pune, Maharashtra",['Apartments'],['985'],['2'],['2'],['Semi-Furnished'],['Ready to Move'],['9'],['East'],"₹ 50,45,000"
"Kalyani Nagar, Pune, Maharashtra",['Apartments'],['1592'],['3'],['3'],['Semi-Furnished'],['Ready to Move'],['5'],['East'],"₹ 72,40,000"
"Kharadi, Pune, Maharashtra",['Apartments'],['791'],['1'],['1'],['Semi-Furnished'],['Ready to Move'],['4'],['East'],"₹ 35,60,000"
"Chandkheda, Ahmedabad, Gujarat",['Apartments'],['125'],['2'],['2'],['Unfurnished'],['Ready to Move'],['5'],['East'],"₹ 42,00,000"
"Sector 66A, Mohali, Punjab",['Apartments'],['1750'],['3'],['3'],['Semi-Furnished'],['Under Construction'],['7'],['North-East'],"₹ 1,15,00,000"
"Thirumala, Thiruvananthapuram, Kerala",['Houses & Villas'],['1500'],['4'],['4'],['Semi-Furnished'],['Ready to Move'],,,"₹ 70,00,000"
"Vattiyoorkavu, Thiruvananthapuram, Kerala",['Houses & Villas'],['1900'],['3'],['3'],['Semi-Furnished'],['Ready to Move'],,,"₹ 57,00,000"
"Vattiyoorkavu, Thiruvananthapuram, Kerala",['Houses & Villas'],['1500'],['3'],['3'],['Semi-Furnished'],['Ready to Move'],,,"₹ 50,00,000"
"Murlipura, Jaipur, Rajasthan",['Apartments'],['1800'],['4'],['3'],['Furnished'],['Ready to Move'],['1'],['East'],"₹ 80,00,000"
"Thripunithura, Kochi, Kerala",['Apartments'],['1200'],['2'],['2'],['Semi-Furnished'],['Ready to Move'],['2'],['East'],"₹ 42,00,000"
"Mianwali Colony, Gurgaon, Haryana",['Builder Floors'],['1750'],['3'],['3'],['Semi-Furnished'],['Ready to Move'],['2'],['East'],"₹ 82,00,000"
"Babiyal, Ambala, Haryana",['Apartments'],['117'],['3'],['2'],['Unfurnished'],['Ready to Move'],,['South-West'],"₹ 22,00,000"
"Chalakkal East, Vazhakulam, Kerala",['Houses & Villas'],['1500'],['3'],['2'],['Semi-Furnished'],['Ready to Move'],,,"₹ 62,00,000"
"Shikargarh, Jodhpur, Rajasthan",['Apartments'],['715'],['2'],['2'],['Unfurnished'],['New Launch'],['1'],['East'],"₹ 25,00,000"
"Krishna Colony, Gurgaon, Haryana",['Builder Floors'],['1350'],['3'],['3'],['Semi-Furnished'],['Ready to Move'],['1'],['East'],"₹ 55,00,000"
"Murlipura, Jaipur, Rajasthan",['Apartments'],['850'],['2'],['2'],['Semi-Furnished'],['Ready to Move'],['2'],['East'],"₹ 23,00,000"
"Niwaru Road, Jaipur, Rajasthan",['Apartments'],['1200'],['3'],['2'],['Semi-Furnished'],['Ready to Move'],['1'],['East'],"₹ 29,00,000"
"Mayur Vihar, Jaipur, Rajasthan",['Apartments'],['850'],['2'],['2'],['Semi-Furnished'],['Ready to Move'],['2'],['East'],"₹ 22,50,000"
"Murlipura, Jaipur, Rajasthan",['Apartments'],['900'],['2'],['2'],,['Ready to Move'],['2'],['East'],"₹ 22,00,000"
"Mayur Vihar, Jaipur, Rajasthan",['Apartments'],['1200'],['3'],['2'],['Semi-Furnished'],['Ready to Move'],['2'],['East'],"₹ 28,00,000"
"Murlipura, Jaipur, Rajasthan",['Apartments'],['1200'],['3'],['2'],['Semi-Furnished'],['Ready to Move'],['1'],['East'],"₹ 29,00,000"
"Hanumant Nagar, Jaipur, Rajasthan",['Apartments'],['1200'],['3'],['2'],['Semi-Furnished'],['Ready to Move'],['1'],['East'],"₹ 27,50,000"
"Kakkanad, Kochi, Kerala",['Houses & Villas'],['1600'],['3'],['3'],['Furnished'],['Ready to Move'],['2'],['East'],"₹ 69,00,000"
"Ambala Chandigarh Expressway, Zirakpur, Punjab",['Builder Floors'],['1298'],['3'],['3'],['Semi-Furnished'],['Ready to Move'],['3'],['East'],"₹ 39,90,000"
"Manikonda, Hyderabad, Telangana",['Apartments'],['1080'],['2'],['1'],['Semi-Furnished'],['Ready to Move'],['1'],['North-East'],"₹ 50,00,000"
"Pgi, Lucknow, Uttar Pradesh",['Houses & Villas'],['1650'],['3'],['4'],['Furnished'],['Ready to Move'],['12'],['West'],"₹ 57,00,000"
"Mohishila, Asansol MC, West Bengal",['Houses & Villas'],['1100'],['2'],['2'],['Unfurnished'],['Ready to Move'],['1'],['East'],"₹ 35,00,000"
"Peelamedu, Coimbatore, Tamil Nadu",['Apartments'],['921'],['2'],['2'],['Unfurnished'],['Under Construction'],['3'],['North-East'],"₹ 45,00,000"
"Puthiyakavu, Kochi, Kerala",['Houses & Villas'],['1550'],['4'],['4'],['Furnished'],['Ready to Move'],['1'],['East'],"₹ 60,00,000"
"Peelamedu, Coimbatore, Tamil Nadu",['Apartments'],['784'],['2'],['2'],['Unfurnished'],['Under Construction'],['2'],['North-East'],"₹ 45,00,000"
"Vaishali Nagar, Jaipur, Rajasthan",['Apartments'],['900'],['2'],['2'],['Semi-Furnished'],['Ready to Move'],['1'],['East'],"₹ 20,94,567"
"Kalwar Road, Jaipur, Rajasthan",['Apartments'],['900'],['2'],,['Semi-Furnished'],,['1'],['East'],"₹ 20,99,658"
"Kalwar Road, Jaipur, Rajasthan",['Apartments'],['1200'],['3'],['2'],['Semi-Furnished'],['New Launch'],['1'],['East'],"₹ 29,99,963"
"Subbiah Colony, Tiruppur, Tamil Nadu",['Houses & Villas'],['1432'],['2'],['2'],['Unfurnished'],['Under Construction'],,['North'],"₹ 75,00,000"
"Hosur - Bagalur Road, Hosur, Tamil Nadu",['Houses & Villas'],['1400'],['2'],['2'],['Unfurnished'],['Under Construction'],['1'],['West'],"₹ 72,46,000"
"Nagondapalli, Mathigiri, Tamil Nadu",['Houses & Villas'],['950'],['2'],['2'],['Unfurnished'],['New Launch'],['0'],['South'],"₹ 33,00,000"
"Padamugal, Kochi, Kerala",['Houses & Villas'],['2900'],['4'],['4'],['Semi-Furnished'],['Ready to Move'],,['North'],"₹ 2,15,00,000"
"Siddartha Vihar, Ghaziabad, Uttar Pradesh",['Apartments'],['2390'],['3'],['3'],['Semi-Furnished'],['New Launch'],['7'],['North-East'],"₹ 99,99,999"
"Shilphata Road, Thane, Maharashtra",['Apartments'],['1150'],['2'],['2'],['Unfurnished'],['Under Construction'],['20'],['East'],"₹ 70,00,000"
"Kalwar Road, Jaipur, Rajasthan",['Houses & Villas'],['1738'],['4'],['3'],['Semi-Furnished'],['Ready to Move'],,['West'],"₹ 39,00,000"
"Sreekaryam, Thiruvananthapuram, Kerala",['Houses & Villas'],['1350'],['3'],['3'],['Semi-Furnished'],['Ready to Move'],,,"₹ 45,00,000"
"Sigma IV, Greater Noida, Uttar Pradesh",['Apartments'],['2398'],['4'],['4'],['Unfurnished'],['Ready to Move'],['0'],,"₹ 80,00,000"
"Dabhoi Waghodia Ring Road, Vadodara, Gujarat",['Apartments'],['00'],['3'],['3'],['Unfurnished'],['Under Construction'],['7'],['East'],"₹ 30,51,000"
"Tarsali, Vadodara, Gujarat",['Apartments'],['00'],['3'],['3'],['Unfurnished'],['Under Construction'],['7'],['East'],"₹ 30,51,000"
"Nilamber Circle, Vadodara, Gujarat",['Apartments'],['00'],['2'],['2'],['Unfurnished'],['Ready to Move'],['1'],['West'],"₹ 35,00,000"
"Waghodia Road, Vadodara, Gujarat",['Apartments'],['00'],['3'],['3'],['Unfurnished'],['Under Construction'],['7'],['East'],"₹ 30,51,000"
"Sreekaryam, Thiruvananthapuram, Kerala",['Houses & Villas'],['1700'],['3'],['3'],['Semi-Furnished'],['Ready to Move'],['2'],['East'],"₹ 66,00,000"
"Viyyur, Thrissur, Kerala",['Houses & Villas'],['1500'],['3'],['3'],['Unfurnished'],['Under Construction'],,['East'],"₹ 42,50,000"
"Ajit Sing Nagar, Vijayawada, Andhra Pradesh",['Apartments'],['1050'],['3'],['3'],['Furnished'],['Ready to Move'],['3'],['East'],"₹ 41,00,000"
"Shilp Nagar, Udaipur, Rajasthan",['Houses & Villas'],['4500'],['4+'],['4+'],['Unfurnished'],['Ready to Move'],['3'],['South-East'],"₹ 1,30,00,000"
"Uttam Nagar, Delhi, Delhi",['Builder Floors'],['800'],['3'],['2'],['Semi-Furnished'],['Ready to Move'],['1'],['East'],"₹ 30,11,000"
"Ottapalam, Ottappalam, Kerala",['Houses & Villas'],['1500'],['3'],['3'],['Unfurnished'],['Under Construction'],,['East'],"₹ 42,50,000"
"Sadar Bazar, Gurgaon, Haryana",['Builder Floors'],['1200'],['3'],['3'],['Semi-Furnished'],['Ready to Move'],['1'],,"₹ 58,00,000"
"Magarpatta City, Pune, Maharashtra",['Apartments'],['1685'],['3'],['3'],['Furnished'],['Ready to Move'],['9'],['East'],"₹ 79,89,000"
"Kharadi, Pune, Maharashtra",['Apartments'],['1064'],['2'],['2'],['Semi-Furnished'],['Ready to Move'],['5'],['East'],"₹ 51,80,000"
"Hadapsar, Pune, Maharashtra",['Apartments'],['974'],['2'],,['Semi-Furnished'],['Ready to Move'],['9'],['East'],"₹ 52,60,000"
"Sector 85, Mohali, Punjab",['Apartments'],['2200'],['3'],['3'],['Semi-Furnished'],['Ready to Move'],['7'],['North'],"₹ 1,06,00,000"
"Akanksha Nagar, Bharuch, Gujarat",['Apartments'],['1400'],['3'],['3'],['Semi-Furnished'],['Ready to Move'],['2'],['East'],"₹ 42,50,000"
"Dwarka Mor, Delhi, Delhi",['Builder Floors'],['450'],['1'],['1'],['Semi-Furnished'],['Ready to Move'],,,"₹ 14,50,000"
"Nikol - Naroda Road, Ahmedabad, Gujarat",['Apartments'],['1395'],['2'],['2'],['Semi-Furnished'],['Ready to Move'],['2'],['East'],"₹ 41,50,000"
"Meenachil, Palai, Kerala",['Houses & Villas'],['2700'],['4'],['4'],['Semi-Furnished'],['Ready to Move'],['0'],,"₹ 1,25,00,000"
"Garden Colony, Kharar, Punjab",['Builder Floors'],['850'],['2'],['2'],['Semi-Furnished'],['Ready to Move'],['3'],['North-East'],"₹ 18,90,000"
"Sector 105, Gurgaon, Haryana",['Builder Floors'],['1350'],['3'],['2'],['Semi-Furnished'],['Ready to Move'],['2'],['East'],"₹ 37,00,000"
"Sector 6, Gurgaon, Haryana",['Builder Floors'],['1350'],['3'],['3'],['Semi-Furnished'],['Ready to Move'],['1'],['East'],"₹ 55,00,000"
"Palanpur Jakatnaka, Surat, Gujarat",['Apartments'],['625'],['1'],['1'],['Unfurnished'],['Ready to Move'],,,"₹ 17,00,000"
"Adajan, Surat, Gujarat",['Apartments'],['1950'],['3'],['3'],['Unfurnished'],['Ready to Move'],,['East'],"₹ 68,00,000"
"Narthan Dandi Road, Surat, Gujarat",['Houses & Villas'],['1500'],['3'],['3'],['Unfurnished'],['Under Construction'],,['East'],"₹ 53,11,000"
"Jahangir Pura, Surat, Gujarat",['Apartments'],['1110'],['2'],['2'],['Semi-Furnished'],['Ready to Move'],,['North'],"₹ 29,00,000"
"Palanpur, Surat, Gujarat",['Apartments'],['1130'],['2'],['2'],['Unfurnished'],['Ready to Move'],,['East'],"₹ 34,00,000"
"Gauravpath Road, Surat, Gujarat",['Apartments'],['1209'],['2'],['2'],['Unfurnished'],['Under Construction'],,['East'],"₹ 47,75,000"
"Fathimapuram, Changanacheri, Kerala",['Houses & Villas'],['1250'],['3'],['3'],['Semi-Furnished'],['New Launch'],['1'],['West'],"₹ 54,50,000"
"Shiupur, Varanasi, Uttar Pradesh",['Apartments'],['300'],['1'],['1'],['Unfurnished'],['New Launch'],['0'],['East'],"₹ 12,00,000"
"Urapakkam, Chennai, Tamil Nadu",['Apartments'],['543'],['1'],['1'],['Unfurnished'],['Ready to Move'],['1'],['North'],"₹ 19,99,997"
"Gauravpath Road, Surat, Gujarat",['Apartments'],['1233'],['2'],['2'],['Semi-Furnished'],['Ready to Move'],,['East'],"₹ 41,00,000"
"Palanpur, Surat, Gujarat",['Apartments'],['712'],['1'],['1'],['Unfurnished'],['Ready to Move'],,['East'],"₹ 24,00,000"
"Gauravpath Road, Surat, Gujarat",['Apartments'],['771'],['1'],['1'],['Unfurnished'],['Under Construction'],,['East'],"₹ 27,11,000"
"Anand Mahal Road Area, Surat, Gujarat",['Apartments'],['1750'],['3'],['3'],['Semi-Furnished'],['Ready to Move'],,['East'],"₹ 50,00,000"
"Kalkidhar Avenue, Jalandhar, Punjab",['Houses & Villas'],['2500'],['4'],['4'],['Semi-Furnished'],['Ready to Move'],['2'],,"₹ 56,00,000"
"Urban Estate, Jalandhar, Punjab",['Apartments'],['1400'],['3'],['3'],['Semi-Furnished'],['Ready to Move'],,,"₹ 45,00,000"
"Kalkidhar Avenue, Jalandhar, Punjab",['Apartments'],['2360'],['3'],['3'],['Semi-Furnished'],['New Launch'],,,"₹ 65,00,000"
"Kalkidhar Avenue, Jalandhar, Punjab",['Houses & Villas'],['3000'],['4'],['4'],['Semi-Furnished'],['Ready to Move'],,,"₹ 62,00,000"
"Edappally, Kochi, Kerala",['Houses & Villas'],['1700'],['3'],['3'],['Semi-Furnished'],['Ready to Move'],,,"₹ 48,00,000"
"Enikepadu, Vijayawada, Andhra Pradesh",['Houses & Villas'],['1400'],['2'],['2'],['Unfurnished'],['Under Construction'],['1'],['East'],"₹ 45,00,000"
"Vijayawada Bus Stand Area, Vijayawada, Andhra Pradesh",['Houses & Villas'],['1000'],['2'],['2'],['Furnished'],['New Launch'],['1'],['North-East'],"₹ 35,00,000"
"Bhayli-Sunpharma Link Road, Vadodara, Gujarat",['Houses & Villas'],['1537'],['3'],['3'],['Unfurnished'],['Ready to Move'],,['North-East'],"₹ 1,15,00,000"
"Vaishali Nagar, Jaipur, Rajasthan",['Apartments'],['991'],['2'],['2'],['Semi-Furnished'],['Ready to Move'],['1'],['North'],"₹ 30,00,000"
"Kazhakoottam, Thiruvananthapuram, Kerala",['Houses & Villas'],['1650'],['4'],['4'],['Semi-Furnished'],['New Launch'],,['East'],"₹ 67,00,000"
"Kazhakoottam, Thiruvananthapuram, Kerala",['Houses & Villas'],['2000'],['4'],['4'],['Semi-Furnished'],['New Launch'],,,"₹ 62,00,000"
"Renigunta, Tirupati, Andhra Pradesh",['Houses & Villas'],['24'],['3'],['3'],['Furnished'],['New Launch'],['2'],['East'],"₹ 58,00,000"
"JP Nagar, Mysuru, Karnataka",['Houses & Villas'],['1200'],['2'],['2'],['Furnished'],['Ready to Move'],,['North-West'],"₹ 70,00,000"
"Chattarpur, Delhi, Delhi",['Builder Floors'],['1230'],['3'],['2'],['Semi-Furnished'],['Under Construction'],['1'],['North'],"₹ 64,00,000"
"Kazhakoottam, Thiruvananthapuram, Kerala",['Houses & Villas'],['2300'],['4'],['4'],['Semi-Furnished'],['New Launch'],,['East'],"₹ 80,00,000"
"Uttam Nagar, Delhi, Delhi",['Builder Floors'],['513'],['2'],['2'],['Semi-Furnished'],['Ready to Move'],['2'],['North'],"₹ 23,21,000"
"Uttam Nagar, Delhi, Delhi",['Builder Floors'],['423'],['1'],['1'],['Semi-Furnished'],['Ready to Move'],['2'],['North'],"₹ 16,95,000"
"Uttam Nagar, Delhi, Delhi",['Builder Floors'],['725'],,['3'],['Semi-Furnished'],['Ready to Move'],['3'],['West'],"₹ 35,21,000"
"Kapurai, Vadodara, Gujarat",['Apartments'],['1066'],['2'],['2'],['Unfurnished'],['Under Construction'],,,"₹ 18,49,996"
"Uttam Nagar, Delhi, Delhi",['Builder Floors'],['720'],['3'],['2'],['Furnished'],['Ready to Move'],['2'],['North'],"₹ 35,50,000"
"Nawada, Delhi, Delhi",['Builder Floors'],['520'],['2'],['2'],['Semi-Furnished'],['Ready to Move'],['1'],['South'],"₹ 22,25,000"
"Shilphata Road, Thane, Maharashtra",['Apartments'],['650'],['2'],['1'],['Semi-Furnished'],['Ready to Move'],['7'],,"₹ 20,00,000"
"Kalwar Road, Jaipur, Rajasthan",['Houses & Villas'],['1210'],['3'],['2'],['Semi-Furnished'],['Ready to Move'],['1'],['West'],"₹ 22,10,000"
"Karumalloor, Kadungalloor, Kerala",['Houses & Villas'],['1999'],['3'],['3'],['Furnished'],['Ready to Move'],,,"₹ 68,00,000"
"Sattangadu, Chennai, Tamil Nadu",['Houses & Villas'],['1800'],['2'],['2'],['Unfurnished'],['Ready to Move'],,['South'],"₹ 56,00,000"
"Thattamala, Kollam, Kerala",['Houses & Villas'],['3150'],['4'],['4+'],['Furnished'],['New Launch'],,['North-West'],"₹ 1,10,00,000"
"Nedumbassery, Kochi, Kerala",['Houses & Villas'],['3000'],['4'],['4'],['Furnished'],['Ready to Move'],,,"₹ 1,10,00,000"
"Rajendra Park, Gurgaon, Haryana",['Houses & Villas'],['1000'],['4+'],['2'],['Furnished'],['Ready to Move'],['1'],['North'],"₹ 43,00,000"
"Nedumbassery, Kochi, Kerala",['Houses & Villas'],['2200'],['4'],['4'],['Furnished'],['Ready to Move'],,,"₹ 55,00,000"
"Tripunithura, Kochi, Kerala",['Houses & Villas'],['2350'],['4'],['4'],['Semi-Furnished'],['Ready to Move'],,,"₹ 1,30,00,000"
"Govindpuram, Ghaziabad, Uttar Pradesh",['Builder Floors'],['900'],['2'],['2'],['Semi-Furnished'],['Ready to Move'],['1'],['East'],"₹ 14,50,000"
"Uttam Nagar, Delhi, Delhi",['Builder Floors'],['460'],['2'],['1'],['Semi-Furnished'],['Ready to Move'],['1'],['East'],"₹ 21,50,000"
"Thirumala, Thiruvananthapuram, Kerala",['Houses & Villas'],['1200'],['3'],['3'],['Furnished'],['Ready to Move'],,['East'],"₹ 31,00,000"
"Vasai East, Mumbai, Maharashtra",['Apartments'],['650'],['1'],['2'],['Semi-Furnished'],['Ready to Move'],['2'],['East'],"₹ 36,00,000"
"Mumbra, Thane, Maharashtra",['Apartments'],['1800'],['3'],['3'],['Furnished'],['Ready to Move'],['6'],['West'],"₹ 1,20,00,000"
"Poovalapp, South Thrikkaripur, Kerala",['Farm Houses'],['1000'],['3'],['1'],['Semi-Furnished'],['Ready to Move'],['1'],['North-East'],"₹ 50,000"
"Sijua Patrapada, Bhubaneshwar, Odisha",['Houses & Villas'],['2000'],['4+'],['4'],['Unfurnished'],['Under Construction'],['2'],['East'],"₹ 70,00,000"
"Assissi Nagar, Aluva, Kerala",['Houses & Villas'],['2100'],['4'],['4'],['Furnished'],['Ready to Move'],,['East'],"₹ 85,00,000"
"Mumbra, Thane, Maharashtra",['Apartments'],['650'],['1'],['1'],['Unfurnished'],['Ready to Move'],['16'],['South-East'],"₹ 42,00,000"
"Khatibaba Mohalla, Jhansi, Uttar Pradesh",['Houses & Villas'],['1800'],['4'],['2'],['Semi-Furnished'],['Ready to Move'],['0'],['North'],"₹ 60,00,000"
"Kakkanad, Kochi, Kerala",['Houses & Villas'],['1602'],['3'],['3'],['Semi-Furnished'],['Ready to Move'],,['North'],"₹ 49,99,999"
"Nedumbassery, Kochi, Kerala",['Houses & Villas'],['2000'],['4'],['4'],['Semi-Furnished'],['Ready to Move'],,,"₹ 60,00,000"
"Vasai East, Mumbai, Maharashtra",['Apartments'],['650'],['1'],['2'],['Semi-Furnished'],['Ready to Move'],['0'],['East'],"₹ 33,00,000"
"Nedumbassery, Kochi, Kerala",['Houses & Villas'],['2400'],['4'],['4'],['Furnished'],['Ready to Move'],,,"₹ 1,40,00,000"
"Vattiyoorkavu, Thiruvananthapuram, Kerala",['Houses & Villas'],['2200'],['4'],['4'],['Semi-Furnished'],['Ready to Move'],,,"₹ 70,00,000"
"Barasat- Barrackpore Road, Kolkata, West Bengal",['Apartments'],['1070'],['3'],['2'],['Furnished'],['Ready to Move'],['2'],['North-West'],"₹ 32,00,000"
"Kausa, Thane, Maharashtra",['Builder Floors'],['856'],['2'],['2'],['Unfurnished'],['New Launch'],['3'],['North-West'],"₹ 41,20,000"
"PHI IV, Greater Noida, Uttar Pradesh",['Builder Floors'],['433'],['1'],['1'],['Semi-Furnished'],['Ready to Move'],['1'],['East'],"₹ 9,98,000"
"Chattarpur, Delhi, Delhi",['Builder Floors'],['750'],['2'],['2'],['Semi-Furnished'],['Ready to Move'],['2'],['East'],"₹ 23,00,000"
"Edappally, Kochi, Kerala",['Apartments'],['591'],['1'],['1'],['Unfurnished'],['Under Construction'],['3'],['East'],"₹ 28,50,000"
"Varapuzha, Kochi, Kerala",['Houses & Villas'],['900'],['2'],['2'],['Furnished'],['Ready to Move'],,,"₹ 42,00,000"
"Rajendra Park, Gurgaon, Haryana",['Builder Floors'],['700'],['2'],['2'],['Furnished'],['Ready to Move'],['1'],['East'],"₹ 20,00,000"
"Madhu Vihar, Delhi, Delhi",['Builder Floors'],['1000'],['3'],['2'],['Semi-Furnished'],['Ready to Move'],['1'],['North'],"₹ 55,00,000"
"Kakkanad, Kochi, Kerala",['Houses & Villas'],['2400'],['4'],['4'],['Furnished'],['Ready to Move'],,,"₹ 85,00,000"
"Annakudu, Thodupuzha, Kerala",['Houses & Villas'],['1400'],['3'],['3'],['Furnished'],['Ready to Move'],['1'],['East'],"₹ 46,00,000"
"HMT Swarnapuri Colony, Hyderabad, Telangana",['Apartments'],['600'],['1'],['1'],['Furnished'],['Ready to Move'],['3'],['East'],"₹ 20,50,000"
"Alangad, Kadungalloor, Kerala",['Houses & Villas'],['925'],['2'],['2'],['Semi-Furnished'],['Ready to Move'],,,"₹ 31,00,000"
"Chattarpur, Delhi, Delhi",['Builder Floors'],['1000'],['3'],['2'],['Semi-Furnished'],['Ready to Move'],['4'],['West'],"₹ 50,00,000"
"Annakudu, Thodupuzha, Kerala",['Houses & Villas'],['1400'],['3'],['3'],['Furnished'],['Ready to Move'],['1'],['East'],"₹ 55,00,000"
"Thirumala, Thiruvananthapuram, Kerala",['Houses & Villas'],['1100'],['3'],['3'],['Furnished'],['Ready to Move'],,['East'],"₹ 40,00,000"
"Ramavarappadu, Vijayawada, Andhra Pradesh",['Apartments'],['550'],['1'],['1'],['Semi-Furnished'],['Ready to Move'],['2'],['West'],"₹ 16,10,000"
"Rajendra Park, Gurgaon, Haryana",['Builder Floors'],['950'],['3'],['2'],['Furnished'],['Ready to Move'],['1'],['North'],"₹ 32,00,000"
"Thirumala, Thiruvananthapuram, Kerala",['Houses & Villas'],['1000'],['3'],['3'],['Furnished'],['Ready to Move'],,['East'],"₹ 37,00,000"
"Movathapuzha, Thodupuzha, Kerala",['Houses & Villas'],['2600'],['4'],['3'],['Furnished'],['Ready to Move'],['3'],['East'],"₹ 95,00,000"
"Nungambakkam Haddows, Chennai, Tamil Nadu",['Houses & Villas'],['5700'],['4'],['4'],['Unfurnished'],['Ready to Move'],['2'],['West'],"₹ 24,00,00,000"
"Mumbai Central, Mumbai, Maharashtra",['Apartments'],['1400'],['2'],['3'],['Furnished'],['Ready to Move'],['12'],['West'],"₹ 3,19,00,000"
"Central Secretariat, Delhi, Delhi",['Apartments'],['1045'],['2'],['2'],['Unfurnished'],['Under Construction'],['5'],['East'],"₹ 38,14,000"
"Virar East, Mumbai, Maharashtra",['Apartments'],['455'],,['1'],['Unfurnished'],['Ready to Move'],['1'],,"₹ 20,50,000"
"Annakudu, Thodupuzha, Kerala",['Houses & Villas'],['1500'],['4'],['4'],['Furnished'],['Ready to Move'],['2'],['East'],"₹ 35,00,000"
"Karapalli, Hosur, Tamil Nadu",['Houses & Villas'],['1600'],['3'],['3'],['Unfurnished'],['Under Construction'],['12'],['North-East'],"₹ 55,00,000"
"Kakkodi, Kozhikode, Kerala",['Houses & Villas'],['2000'],['4'],['4'],['Unfurnished'],['Under Construction'],['2'],,"₹ 62,00,000"
"Dronagiri, Navi Mumbai, Maharashtra",['Apartments'],['640'],['1'],['1'],['Unfurnished'],['Ready to Move'],['2'],['East'],"₹ 40,00,000"
"Annakudu, Thodupuzha, Kerala",['Houses & Villas'],['1950'],['4'],['4'],['Furnished'],['Ready to Move'],['1'],['East'],"₹ 65,00,000"
"Nadergul, Hyderabad, Telangana",['Houses & Villas'],['775'],['2'],['2'],['Unfurnished'],['Ready to Move'],['0'],['West'],"₹ 52,00,000"
"Dadar Kulba, Muzaffarpur, Bihar",['Houses & Villas'],['1110'],['2'],['2'],['Furnished'],['Ready to Move'],['2'],['West'],"₹ 60,00,000"
"Gopalapuram, Chennai, Tamil Nadu",['Apartments'],['800'],['2'],['2'],['Semi-Furnished'],['Ready to Move'],['2'],['South'],"₹ 85,00,000"
"Whitefield, Bengaluru, Karnataka",['Apartments'],['1110'],,,,,,['East'],"₹ 55,00,000"
"Jagieetpur, Haridwar, Uttaranchal",['Houses & Villas'],['701'],['2'],['1'],['Semi-Furnished'],['Ready to Move'],,['North'],"₹ 18,50,000"
"Kakkanad, Kochi, Kerala",['Houses & Villas'],['1600'],['3'],['3'],['Semi-Furnished'],['Ready to Move'],,,"₹ 66,00,000"
"Electronic City Phase II, Bengaluru, Karnataka",['Houses & Villas'],['1200'],,,,,,,"₹ 1,80,00,000"
"Kadugodi, Bengaluru, Karnataka",['Houses & Villas'],['1350'],,,,,,,"₹ 1,50,00,000"
"Rajendra Park, Gurgaon, Haryana",['Houses & Villas'],['1700'],['4'],['4'],['Furnished'],['Ready to Move'],['1'],['East'],"₹ 55,00,000"
"Veer Savarkar Nagar, Bareilly, Uttar Pradesh",['Houses & Villas'],['35'],['2'],['1'],['Semi-Furnished'],['Ready to Move'],['1'],['North-East'],"₹ 15,00,000"
"Vijaya Nagar Colony, Hyderabad, Telangana",['Apartments'],['1550'],['3'],['3'],['Semi-Furnished'],['Ready to Move'],['4'],['North'],"₹ 75,00,000"
"Borkhera, Kota, Rajasthan",['Houses & Villas'],['1250'],['3'],['2'],['Furnished'],['Under Construction'],['1'],['East'],"₹ 46,00,000"
"Mira Road East, Mumbai, Maharashtra",['Apartments'],['990'],['2'],['2'],['Semi-Furnished'],['Ready to Move'],['3'],['North-East'],"₹ 77,00,000"
"Thirumala, Thiruvananthapuram, Kerala",['Houses & Villas'],['800'],['2'],['2'],['Furnished'],['Ready to Move'],,['East'],"₹ 32,00,000"
"Keshar Bagh, Patiala, Punjab",['Houses & Villas'],['3000'],['4+'],['3'],['Furnished'],['Ready to Move'],,,"₹ 1,10,00,000"
"Rajendra Park, Gurgaon, Haryana",['Builder Floors'],['990'],['3'],['2'],['Furnished'],['Ready to Move'],['2'],['North'],"₹ 32,00,000"
"Peroor, Ettumanoor, Kerala",['Houses & Villas'],['1600'],['3'],['3'],['Furnished'],['Ready to Move'],['1'],['East'],"₹ 60,00,000"
"Nayabad, Kolkata, West Bengal",['Apartments'],['800'],['2'],['2'],['Unfurnished'],['Ready to Move'],['3'],['South'],"₹ 17,00,000"
"Kakkanad, Kochi, Kerala",['Houses & Villas'],['2100'],['4'],['4'],['Semi-Furnished'],['Under Construction'],,,"₹ 90,00,000"
"Kasaidanga, Puruliya, West Bengal",['Houses & Villas'],['891'],['1'],['1'],['Unfurnished'],['Ready to Move'],,['North'],"₹ 10,00,000"
"Thirumala, Thiruvananthapuram, Kerala",['Houses & Villas'],['1600'],['3'],['4'],['Semi-Furnished'],['Ready to Move'],,,"₹ 45,00,000"
"Shyampur, Bhubaneshwar, Odisha",['Houses & Villas'],['1300'],['3'],['2'],['Unfurnished'],['Under Construction'],['2'],['North-West'],"₹ 35,00,000"
"Rajendra Park, Gurgaon, Haryana",['Houses & Villas'],['1400'],['4'],['3'],['Furnished'],['Ready to Move'],['1'],['North-West'],"₹ 51,00,000"
"Thirumala, Thiruvananthapuram, Kerala",['Houses & Villas'],['2700'],['4+'],['4+'],['Semi-Furnished'],['Ready to Move'],,,"₹ 1,05,00,000"
"Vattiyoorkavu, Thiruvananthapuram, Kerala",['Houses & Villas'],['2100'],['4'],['4'],['Semi-Furnished'],['Ready to Move'],,,"₹ 85,00,000"
"Santoshi Nagar, Raipur, Chhattisgarh",['Houses & Villas'],['800'],['2'],['2'],['Unfurnished'],['Ready to Move'],['1'],['East'],"₹ 27,00,000"
"Vattiyoorkavu, Thiruvananthapuram, Kerala",['Houses & Villas'],['2100'],['4'],['4'],['Semi-Furnished'],['Ready to Move'],,,"₹ 90,00,000"
"Thirumala, Thiruvananthapuram, Kerala",['Houses & Villas'],['1600'],['4'],['4'],['Semi-Furnished'],['Ready to Move'],,,"₹ 48,00,000"
"Ajit Sing Nagar, Vijayawada, Andhra Pradesh",['Houses & Villas'],['690'],['2'],['2'],['Furnished'],['Ready to Move'],['2'],['East'],"₹ 45,00,000"
"Basni Phase I, Jodhpur, Rajasthan",['Houses & Villas'],['2000'],['4+'],['4+'],['Semi-Furnished'],['Ready to Move'],['2'],['East'],"₹ 55,00,000"
"Dwarka Mor, Delhi, Delhi",['Builder Floors'],['850'],['3'],['2'],['Semi-Furnished'],['Ready to Move'],['2'],['South-East'],"₹ 42,00,000"
"Raj Nagar Extension, Ghaziabad, Uttar Pradesh",['Apartments'],['1421'],['3'],['2'],['Furnished'],['Ready to Move'],['6'],['East'],"₹ 55,00,000"
"Kayamkulam, Bharanikkavu, Kerala",['Houses & Villas'],['4500'],['1'],['1'],['Unfurnished'],['Ready to Move'],,['West'],"₹ 28,00,000"
"Palghar Industrial Area, Palghar, Maharashtra",['Houses & Villas'],['2500'],['4'],['4'],['Semi-Furnished'],['Ready to Move'],['0'],['East'],"₹ 1,60,00,000"
"Tagore Nagar, Bhopal, Madhya Pradesh",['Houses & Villas'],['1500'],['3'],['2'],['Semi-Furnished'],['Ready to Move'],,['North'],"₹ 65,00,000"
"Kanathur, Chennai, Tamil Nadu",['Apartments'],['2783'],['3'],['3'],['Unfurnished'],['Ready to Move'],['1'],['South'],"₹ 1,80,00,000"
"Santoshi Nagar, Raipur, Chhattisgarh",['Houses & Villas'],['600'],['2'],['1'],['Unfurnished'],['Ready to Move'],['1'],['South'],"₹ 20,00,000"
"Kakkanad, Kochi, Kerala",['Houses & Villas'],['1689'],['4'],['3'],['Furnished'],['Ready to Move'],,,"₹ 65,00,000"
"Edapally, Kochi, Kerala",['Houses & Villas'],['1800'],['4'],['4'],['Furnished'],['Ready to Move'],,,"₹ 65,00,000"
"Rajendra Park, Gurgaon, Haryana",['Houses & Villas'],['1300'],['3'],['2'],['Semi-Furnished'],['Ready to Move'],['2'],['North'],"₹ 36,00,000"
"Badangpet, Hyderabad, Telangana",,,,,,,,,"₹ 99,00,000"
"Model Town, Jalandhar, Punjab",['Houses & Villas'],['6000'],['4+'],['4+'],['Semi-Furnished'],['Ready to Move'],['2'],,"₹ 2,60,00,000"
"Eenadu, Vijayawada, Andhra Pradesh",['Houses & Villas'],['1400'],['2'],['2'],['Unfurnished'],['New Launch'],['1'],['North'],"₹ 45,00,000"
"Kakkanad, Kochi, Kerala",['Houses & Villas'],['1000'],['2'],['2'],['Furnished'],['Ready to Move'],,,"₹ 28,00,000"
"Sector 4 Gurgaon, Gurgaon, Haryana",['Builder Floors'],['1300'],['3'],['3'],['Semi-Furnished'],['Ready to Move'],['1'],['North-East'],"₹ 71,00,000"
"Nedumbassery, Kochi, Kerala",['Houses & Villas'],['2600'],['4'],['4'],['Semi-Furnished'],['Ready to Move'],,['East'],"₹ 1,00,00,000"
"Kakkanad, Kochi, Kerala",['Houses & Villas'],['1475'],['3'],['3'],['Furnished'],['Ready to Move'],,,"₹ 55,00,000"
"Canara Bank Colony, Vijayawada, Andhra Pradesh",['Houses & Villas'],['1400'],['2'],['2'],['Unfurnished'],['Under Construction'],['1'],['North-East'],"₹ 45,00,000"
"American Hospital, Vijayawada, Andhra Pradesh",['Houses & Villas'],['1000'],['2'],['2'],['Furnished'],['Under Construction'],['1'],['East'],"₹ 35,00,000"
"Uttam Nagar, Delhi, Delhi",['Builder Floors'],['550'],['2'],['2'],['Semi-Furnished'],['Ready to Move'],['1'],['North-East'],"₹ 20,00,000"
"Uttam Nagar, Delhi, Delhi",['Builder Floors'],['400'],['1'],['1'],['Semi-Furnished'],['Ready to Move'],['1'],['North-East'],"₹ 12,75,000"
"Uttam Nagar, Delhi, Delhi",['Builder Floors'],['700'],['3'],['2'],['Semi-Furnished'],['Ready to Move'],['1'],['North'],"₹ 32,00,000"
"Vaishali Nagar, Jaipur, Rajasthan",['Builder Floors'],['1322'],['3'],['2'],['Semi-Furnished'],['Ready to Move'],['1'],['North'],"₹ 31,99,999"
"Vaishali Nagar, Jaipur, Rajasthan",['Houses & Villas'],['1848'],['4'],['3'],['Semi-Furnished'],['Ready to Move'],,['East'],"₹ 60,00,000"
"Vaishali Nagar, Jaipur, Rajasthan",['Houses & Villas'],['1700'],['3'],['3'],['Semi-Furnished'],['Ready to Move'],,['West'],"₹ 55,00,000"
"Nangiarkulangara, Chingoli, Kerala",['Houses & Villas'],['1138'],['2'],['1'],['Semi-Furnished'],['Ready to Move'],,['North'],"₹ 60,00,000"
"Salappa Layout VS Garden, Bengaluru, Karnataka",['Houses & Villas'],['18528'],['4+'],['4+'],['Semi-Furnished'],['Ready to Move'],,['East'],"₹ 6,35,00,000"
"Sector 127, Mohali, Punjab",['Builder Floors'],['900'],['2'],['2'],['Furnished'],['Ready to Move'],['2'],['East'],"₹ 24,90,000"
"Uttam Nagar, Delhi, Delhi",['Builder Floors'],['400'],['1'],['1'],['Semi-Furnished'],['Ready to Move'],['1'],['East'],"₹ 9,90,000"
"Uttam Nagar, Delhi, Delhi",['Builder Floors'],['500'],['2'],['1'],['Semi-Furnished'],['Ready to Move'],['1'],['East'],"₹ 14,90,000"
"Kazhakoottam, Thiruvananthapuram, Kerala",['Houses & Villas'],['1400'],['3'],['3'],['Semi-Furnished'],['New Launch'],,['North'],"₹ 55,00,000"
"Uttam Nagar, Delhi, Delhi",['Builder Floors'],['603'],['2'],['2'],['Semi-Furnished'],['Ready to Move'],['2'],['North'],"₹ 29,25,000"
"Uttam Nagar, Delhi, Delhi",['Builder Floors'],['521'],['2'],['2'],,['Ready to Move'],['3'],['South'],"₹ 24,21,000"
"Kazhakoottam, Thiruvananthapuram, Kerala",['Houses & Villas'],['1450'],['3'],['3'],['Semi-Furnished'],['New Launch'],,['East'],"₹ 50,00,000"
"Kapurai, Vadodara, Gujarat",['Apartments'],['1066'],['2'],['2'],['Unfurnished'],['Under Construction'],,,"₹ 18,49,998"
"Kapurai, Vadodara, Gujarat",['Apartments'],['1066'],['2'],['2'],['Unfurnished'],['Under Construction'],,,"₹ 18,49,999"
"Kakkanad, Kochi, Kerala",['Houses & Villas'],['1999'],['4'],['4'],['Furnished'],['Ready to Move'],,,"₹ 85,00,000"
"Chanda Nagar, Hyderabad, Telangana",['Apartments'],['1560'],['3'],['2'],['Unfurnished'],['Ready to Move'],['3'],['East'],"₹ 85,00,000"
"Tirurangadi Town, Tirurangadi, Kerala",['Houses & Villas'],['1000'],['3'],['1'],['Unfurnished'],['Ready to Move'],,['East'],"₹ 35,00,000"
"Sector 18, Noida, Uttar Pradesh",['Farm Houses'],['2000'],['4+'],['4+'],['Semi-Furnished'],['Ready to Move'],,['North-East'],"₹ 1,50,00,000"
"Rohta, Agra, Uttar Pradesh",['Houses & Villas'],['594'],['2'],['1'],['Semi-Furnished'],['Under Construction'],,['North'],"₹ 21,00,000"
"Nehru Nagar, Thrissur, Kerala",['Houses & Villas'],['2000'],['4'],['4+'],['Furnished'],['New Launch'],['2'],['East'],"₹ 9,90,00,000"
"Cherukulam, Kozhikode, Kerala",['Houses & Villas'],['2000'],['3'],['3'],['Semi-Furnished'],['Ready to Move'],,,"₹ 58,00,000"
"Annapurna Nagar, Guntur, Andhra Pradesh",['Apartments'],['1200'],['2'],['2'],['Furnished'],['Ready to Move'],['1'],['North-West'],"₹ 36,00,000"
"Dombivli East, Thane, Maharashtra",['Apartments'],['615'],['1'],['1'],['Unfurnished'],['Under Construction'],['03'],['East'],"₹ 49,99,000"
"Varapuzha, Kochi, Kerala",['Houses & Villas'],['1403'],['3'],['3'],['Furnished'],['Ready to Move'],,,"₹ 51,00,000"
"Edapally, Kochi, Kerala",['Houses & Villas'],['2007'],['4'],['4'],,['Ready to Move'],,,"₹ 75,00,000"
"Shivajee Nagar, Jabalpur, Madhya Pradesh",['Houses & Villas'],['400'],['2'],['1'],['Furnished'],['Ready to Move'],['1'],['North'],"₹ 11,00,000"
"Kakkanad, Kochi, Kerala",['Houses & Villas'],['1900'],['3'],['3'],['Furnished'],['Ready to Move'],,,"₹ 75,00,000"
"Assissi Nagar, Aluva, Kerala",['Houses & Villas'],['2305'],['4'],['4'],['Furnished'],['Ready to Move'],,,"₹ 78,00,000"
"Thirumala, Thiruvananthapuram, Kerala",['Houses & Villas'],['1500'],['3'],['3'],['Semi-Furnished'],['Ready to Move'],,,"₹ 41,00,000"
"Thirumullaivoyal, Chennai, Tamil Nadu",['Apartments'],['900'],['2'],['2'],['Unfurnished'],['Ready to Move'],['1'],['East'],"₹ 29,50,000"
"Thirumala, Thiruvananthapuram, Kerala",['Houses & Villas'],['1000'],['3'],['3'],['Semi-Furnished'],['Ready to Move'],,,"₹ 37,00,000"
"Varapuzha, Kochi, Kerala",['Houses & Villas'],['1735'],['4'],['4'],['Furnished'],['Ready to Move'],,,"₹ 60,00,000"
"Punkunnam, Thrissur, Kerala",['Apartments'],['1050'],['2'],['2'],['Unfurnished'],['Ready to Move'],['8'],['East'],"₹ 37,00,000"
"Baguiati, Kolkata, West Bengal",['Builder Floors'],['835'],['2'],['2'],['Unfurnished'],['Ready to Move'],['4'],['East'],"₹ 22,00,000"
"Uttam Nagar, Delhi, Delhi",['Builder Floors'],['370'],['1'],['1'],['Semi-Furnished'],['Ready to Move'],['2'],['East'],"₹ 14,50,000"
"Omaxe Township, Ludhiana, Punjab",['Apartments'],['4276'],['4'],['4'],['Semi-Furnished'],['Ready to Move'],['5'],['North'],"₹ 2,70,00,000"
"Edapally, Kochi, Kerala",['Houses & Villas'],['3000'],['4'],['4'],['Furnished'],['Ready to Move'],,,"₹ 3,50,00,000"
"Thirumala, Thiruvananthapuram, Kerala",['Houses & Villas'],['2600'],['4'],['4+'],['Semi-Furnished'],['Ready to Move'],,,"₹ 82,00,000"
"Venkateshwara Colony, Mahbubnagar, Telangana",['Houses & Villas'],['2700'],['4'],['3'],['Unfurnished'],['Ready to Move'],['1'],['East'],"₹ 40,000"
"Varapuzha, Kochi, Kerala",['Houses & Villas'],['1399'],['3'],['3'],['Furnished'],['Ready to Move'],,,"₹ 55,00,000"
"Edapally, Kochi, Kerala",['Houses & Villas'],['1850'],['3'],['3'],['Furnished'],['Ready to Move'],,,"₹ 73,00,000"
"Pukkattupady, Choornikkara, Kerala",['Houses & Villas'],['1441'],['3'],['3'],['Furnished'],['Ready to Move'],,,"₹ 44,99,999"
"Santoshi Nagar, Raipur, Chhattisgarh",['Houses & Villas'],['500'],['2'],['2'],['Unfurnished'],['Ready to Move'],['1'],['North'],"₹ 18,00,000"
"Varapuzha, Kochi, Kerala",['Houses & Villas'],['900'],['2'],['2'],['Furnished'],['Ready to Move'],,,"₹ 40,00,000"
"Kalwar Road, Jaipur, Rajasthan",['Apartments'],['900'],['2'],['2'],['Semi-Furnished'],['Ready to Move'],['1'],['East'],"₹ 20,96,666"
"Kuttiadi, Kozhikode, Kerala",['Houses & Villas'],['1500'],['3'],['2'],['Furnished'],,,,"₹ 4,00,000"
,,,,,,,,,
"Thirumala, Thiruvananthapuram, Kerala",['Apartments'],['1900'],['3'],['4'],['Furnished'],['Ready to Move'],,,"₹ 55,00,000"
"Kakkanad, Kochi, Kerala",['Houses & Villas'],['1800'],['3'],['3'],['Furnished'],['Ready to Move'],,,"₹ 65,00,000"
"Assissi Nagar, Aluva, Kerala",['Houses & Villas'],['1850'],['4'],['4'],['Furnished'],['Ready to Move'],,,"₹ 61,00,000"
"TC Palya, Bengaluru, Karnataka",['Apartments'],['1123'],['2'],['2'],['Semi-Furnished'],['Ready to Move'],['1'],['West'],"₹ 63,22,110"
"Mangalapuram, Thiruvananthapuram, Kerala",['Houses & Villas'],['1080'],['2'],['2'],['Unfurnished'],['New Launch'],,['East'],"₹ 34,50,000"
"Kankarkhera, Meerut, Uttar Pradesh",['Houses & Villas'],['1700'],['4'],['2'],['Semi-Furnished'],['Under Construction'],,['East'],"₹ 41,00,000"
"Gattahalli, Bengaluru, Karnataka",['Apartments'],['940'],['2'],['2'],['Unfurnished'],['Ready to Move'],['3'],['North'],"₹ 39,55,000"
"Puliyanam road, Angamaly, Kerala",['Houses & Villas'],['2950'],['4+'],['4+'],['Furnished'],['Ready to Move'],,['East'],"₹ 2,00,00,000"
"Sreekaryam, Thiruvananthapuram, Kerala",['Houses & Villas'],['1800'],['3'],['3'],['Furnished'],['Ready to Move'],['0'],['East'],"₹ 78,00,000"
"Nadakkapadam-Changancherry, Kottayam, Kerala",['Houses & Villas'],['1250'],['3'],['2'],['Semi-Furnished'],['Ready to Move'],,['North'],"₹ 55,00,000"
"Madukkarai, Coimbatore, Tamil Nadu",['Houses & Villas'],['1150'],['2'],['3'],['Furnished'],['Ready to Move'],['1'],['East'],"₹ 33,00,000"
"Santoshi Nagar, Raipur, Chhattisgarh",['Builder Floors'],['800'],['2'],['2'],['Unfurnished'],['Ready to Move'],['1'],['West'],"₹ 23,50,000"
"Nedumbassery, Kochi, Kerala",['Houses & Villas'],['2400'],['4'],['4+'],['Furnished'],['Ready to Move'],,,"₹ 1,20,00,000"
"Thirumala, Thiruvananthapuram, Kerala",['Houses & Villas'],['1800'],['4'],['4'],['Semi-Furnished'],['Ready to Move'],,,"₹ 53,00,000"
"Coimbatore Old City, Coimbatore, Tamil Nadu",['Houses & Villas'],['1000'],['2'],['3'],['Semi-Furnished'],['New Launch'],['1'],['North'],"₹ 25,00,000"
"Sector 127, Mohali, Punjab",['Builder Floors'],['990'],['2'],['2'],['Semi-Furnished'],['Ready to Move'],['2'],['North-East'],"₹ 27,50,000"
"Andheri West, Mumbai, Maharashtra",['Apartments'],['1210'],['3'],['2'],['Semi-Furnished'],['Ready to Move'],,,"₹ 2,40,00,000"
"Gandhipuram, Coimbatore, Tamil Nadu",['Houses & Villas'],['1150'],['2'],['3'],['Furnished'],['Ready to Move'],['1'],['North'],"₹ 32,00,000"
"Sita Ram Gate, Jhajjar, Haryana",['Houses & Villas'],['2000'],['4+'],['4+'],['Furnished'],['Ready to Move'],['1'],['East'],"₹ 80,00,000"
"Thirumala, Thiruvananthapuram, Kerala",['Houses & Villas'],['2100'],['4'],['4'],['Semi-Furnished'],['Ready to Move'],,,"₹ 80,00,000"
"Santoshi Nagar, Raipur, Chhattisgarh",['Builder Floors'],['900'],['2'],['2'],['Unfurnished'],['Under Construction'],['1'],['South-East'],"₹ 32,00,000"
"Borsi Colony, Durg, Chhattisgarh",['Houses & Villas'],['1800'],['3'],['3'],['Furnished'],['Ready to Move'],,['North'],"₹ 38,00,000"
"Ayroor, Varkala, Kerala",['Houses & Villas'],['800'],['2'],['2'],['Furnished'],['Ready to Move'],['1'],['East'],"₹ 28,00,000"
"Bhangagarh, Guwahati, Assam",['Apartments'],['1215'],['3'],['2'],['Semi-Furnished'],['Ready to Move'],['1'],['North-West'],"₹ 72,90,000"
"Coimbatore Central Railway Station, Coimbatore, Tamil Nadu",['Houses & Villas'],['1150'],['2'],['2'],['Semi-Furnished'],['New Launch'],['1'],['North-East'],"₹ 35,00,000"
"Thirumala, Thiruvananthapuram, Kerala",['Houses & Villas'],['1300'],['3'],['3'],['Semi-Furnished'],['Ready to Move'],,,"₹ 41,00,000"
"Elanjipra, Chalakudy, Kerala",['Houses & Villas'],['1600'],['3'],['3'],['Unfurnished'],['Ready to Move'],,['North'],"₹ 1,02,00,000"
"Jogeshwari West, Mumbai, Maharashtra",['Apartments'],['1281'],['3'],['2'],['Semi-Furnished'],['Ready to Move'],['1'],,"₹ 3,85,00,000"
"Kand 373, Dharamsala, Himachal Pradesh",['Houses & Villas'],['100'],['4'],['3'],['Furnished'],['Ready to Move'],['0'],['North'],"₹ 10,000"
"Santoshi Nagar, Raipur, Chhattisgarh",['Houses & Villas'],['800'],['2'],['2'],['Unfurnished'],['Ready to Move'],['1'],['West'],"₹ 25,00,000"
"Mettankadu, Madukkarai, Tamil Nadu",['Houses & Villas'],['1000'],['1'],['1'],['Unfurnished'],['Under Construction'],['1'],['North'],"₹ 33,00,000"
"Sector 127, Mohali, Punjab",['Apartments'],['990'],['2'],['2'],['Semi-Furnished'],['Ready to Move'],['2'],['North-East'],"₹ 27,50,000"
"Edayanchavadi, Chennai, Tamil Nadu",['Houses & Villas'],['1170'],['2'],['3'],['Unfurnished'],['New Launch'],['3'],['South'],"₹ 35,00,000"
"Kharghar, Navi Mumbai, Maharashtra",['Apartments'],['1132'],['2'],['2'],['Semi-Furnished'],['Ready to Move'],['1'],['North-East'],"₹ 95,00,000"
"Jogeshwari West, Mumbai, Maharashtra",['Apartments'],['550'],['1'],['2'],['Unfurnished'],['Under Construction'],,,"₹ 75,00,000"
"Sector 1 Noida extension, Greater Noida, Uttar Pradesh",['Apartments'],['910'],['2'],['2'],['Semi-Furnished'],['Ready to Move'],['3'],['North-East'],"₹ 20,97,222"
"Chandlodia, Ahmedabad, Gujarat",['Apartments'],['650'],['1'],['1'],['Semi-Furnished'],['Ready to Move'],['3'],['North'],"₹ 25,00,000"
"Veppampattu railway station, Chennai, Tamil Nadu",['Houses & Villas'],['550'],['1'],['1'],['Semi-Furnished'],['Ready to Move'],['1'],['East'],"₹ 23,00,000"
"Edapally, Kochi, Kerala",['Houses & Villas'],['1560'],['4'],['3'],['Semi-Furnished'],['Ready to Move'],,['East'],"₹ 46,00,000"
"Barkheri Kalan, Bhopal, Madhya Pradesh",['Houses & Villas'],['000'],['3'],['2'],['Unfurnished'],['Under Construction'],['00'],['East'],"₹ 13,00,000"
"Kengeri Satellite Town, Bengaluru, Karnataka",['Apartments'],['1100'],['2'],['2'],['Furnished'],['Ready to Move'],['3'],['North-East'],"₹ 35,00,000"
"Siddartha Vihar, Ghaziabad, Uttar Pradesh",['Apartments'],['32'],['1'],['1'],['Semi-Furnished'],['Ready to Move'],['4'],,"₹ 11,50,000"
"Vaishali Nagar, Jaipur, Rajasthan",['Builder Floors'],['1050'],['3'],['2'],['Semi-Furnished'],['Ready to Move'],['1'],['East'],"₹ 26,99,456"
"Banjarawala, Dehradun, Uttaranchal",['Houses & Villas'],['800'],['2'],['1'],['Furnished'],['New Launch'],['1'],['West'],"₹ 36,99,999"
"Jogeshwari West, Mumbai, Maharashtra",['Apartments'],['700'],['1'],['2'],['Unfurnished'],['Ready to Move'],,,"₹ 1,20,00,000"
"Sector 127, Mohali, Punjab",['Builder Floors'],['990'],['2'],['2'],['Semi-Furnished'],['Ready to Move'],['2'],['North-East'],"₹ 27,50,000"
"Madukkarai, Coimbatore, Tamil Nadu",['Houses & Villas'],['1150'],['2'],['3'],['Semi-Furnished'],['Ready to Move'],['1'],['North-East'],"₹ 33,00,000"
"Jogeshwari West, Mumbai, Maharashtra",['Apartments'],['500'],['1'],['1'],['Unfurnished'],['Under Construction'],,,"₹ 75,00,000"
"Vaishali Nagar, Jaipur, Rajasthan",['Builder Floors'],['900'],['2'],['2'],['Semi-Furnished'],['Ready to Move'],['1'],['East'],"₹ 20,99,963"
"Sundarapuram, Coimbatore, Tamil Nadu",['Houses & Villas'],['1000'],['1'],['1'],['Unfurnished'],['Under Construction'],['1'],['North'],"₹ 33,00,000"
"Banjarawala, Dehradun, Uttaranchal",['Houses & Villas'],['1000'],['2'],['3'],['Furnished'],['New Launch'],['1'],['South'],"₹ 52,00,000"
"Jogeshwari West, Mumbai, Maharashtra",['Apartments'],['590'],['1'],['1'],['Unfurnished'],['Ready to Move'],,,"₹ 1,05,00,000"
"Kochi University, Kochi, Kerala",['Houses & Villas'],['1500'],['2'],['2'],['Semi-Furnished'],['Ready to Move'],['1'],['North'],"₹ 15,000"
"Sector 127, Mohali, Punjab",['Apartments'],['990'],['2'],['2'],['Semi-Furnished'],['Ready to Move'],['2'],['North-West'],"₹ 27,50,000"
"Scheme No 2, Alwar, Rajasthan",['Apartments'],['1265'],['3'],['2'],['Furnished'],['New Launch'],['2'],['South'],"₹ 95,00,000"
"Jogeshwari West, Mumbai, Maharashtra",['Apartments'],['700'],['1'],['2'],['Unfurnished'],['Under Construction'],,,"₹ 98,00,000"
"Mohan Garden, Delhi, Delhi",['Apartments'],['300'],['1'],['1'],['Semi-Furnished'],['Ready to Move'],['1'],['South-West'],"₹ 6,99,999"
"Sector 115, Mohali, Punjab",['Builder Floors'],['650'],['1'],['1'],['Semi-Furnished'],['Ready to Move'],['1'],['North-East'],"₹ 17,90,000"
"Uttam Nagar, Delhi, Delhi",['Builder Floors'],['425'],['1'],['1'],['Semi-Furnished'],['Ready to Move'],['1'],['North-East'],"₹ 12,51,551"
"Navsari Bazar Area, Surat, Gujarat",['Apartments'],['782'],['2'],['2'],['Semi-Furnished'],['Ready to Move'],['5'],['East'],"₹ 14,00,000"
"Taruwala, Paonta Sahib, Himachal Pradesh",['Houses & Villas'],['5'],['4+'],['4+'],['Unfurnished'],['Ready to Move'],,['North-West'],"₹ 1,60,00,000"
"Jogeshwari West, Mumbai, Maharashtra",['Apartments'],['1120'],['2'],['2'],['Semi-Furnished'],['Ready to Move'],['10'],,"₹ 1,70,00,000"
"Sector 1 Noida extension, Greater Noida, Uttar Pradesh",['Apartments'],['855'],['2'],['2'],['Semi-Furnished'],['Ready to Move'],['4'],['North-East'],"₹ 20,45,625"
"Vaishali Nagar, Jaipur, Rajasthan",['Builder Floors'],['1150'],['3'],['2'],['Semi-Furnished'],['Ready to Move'],['1'],['East'],"₹ 29,99,452"
"Edapally, Kochi, Kerala",['Houses & Villas'],['700'],['2'],['3'],['Semi-Furnished'],['Ready to Move'],,['East'],"₹ 23,00,000"
"Mohishila, Asansol MC, West Bengal",['Apartments'],['1191'],['3'],['2'],['Semi-Furnished'],['New Launch'],['3'],['North-East'],"₹ 27,98,850"
"Jogeshwari West, Mumbai, Maharashtra",['Apartments'],['1150'],['2'],['2'],['Unfurnished'],['Ready to Move'],,,"₹ 1,60,00,000"
"Banjarawala, Dehradun, Uttaranchal",['Houses & Villas'],['1200'],['4'],['3'],['Furnished'],['New Launch'],['2'],['East'],"₹ 54,99,999"
"Narshamuda Village, Asansol MC, West Bengal",['Apartments'],['1172'],['3'],['2'],['Semi-Furnished'],['Under Construction'],['3'],['South-West'],"₹ 27,54,200"
"Santi Nagar, Bhiwani, Haryana",['Houses & Villas'],['1070'],['3'],['3'],['Furnished'],['Ready to Move'],['1'],['South'],"₹ 48,00,000"
"Thykoodam, Kochi, Kerala",['Houses & Villas'],['2500'],['4'],['4'],['Unfurnished'],['Ready to Move'],,,"₹ 1,48,00,000"
"Kadavanthra, Kochi, Kerala",['Houses & Villas'],['4000'],['4'],['4+'],['Furnished'],['Ready to Move'],,,"₹ 5,50,00,000"
"Chilavannur, Kochi, Kerala",['Houses & Villas'],['2400'],['4'],['4'],['Semi-Furnished'],['Ready to Move'],,,"₹ 2,35,00,000"
"Riverside Township, Asansol MC, West Bengal",['Apartments'],['1327'],['3'],['2'],['Semi-Furnished'],['Under Construction'],['4'],['South-East'],"₹ 31,18,450"
"Indirapuram, Ghaziabad, Uttar Pradesh",['Builder Floors'],['1250'],['3'],['2'],['Semi-Furnished'],['Ready to Move'],['1'],['North-East'],"₹ 54,85,000"
"Virar East, Mumbai, Maharashtra",['Apartments'],['395'],,['2'],['Unfurnished'],['Ready to Move'],['2'],,"₹ 19,00,000"
"Sector 127, Mohali, Punjab",['Apartments'],['950'],['2'],['2'],['Semi-Furnished'],['Ready to Move'],['1'],['North-East'],"₹ 39,90,000"
"North Nada, Guruvayur, Kerala",['Houses & Villas'],['1206'],['3'],['3'],['Unfurnished'],['New Launch'],,['North'],"₹ 45,99,999"
"Sirsi road, Jaipur, Rajasthan",['Houses & Villas'],['1500'],['3'],['3'],['Semi-Furnished'],['Ready to Move'],['1'],['West'],"₹ 30,00,000"
"Thavalakuzhy, Ettumanoor, Kerala",['Houses & Villas'],['2000'],['4'],['4'],['Semi-Furnished'],['Ready to Move'],['2'],['East'],"₹ 65,00,000"
"Adambakkam, Chennai, Tamil Nadu",['Houses & Villas'],['860'],['2'],['2'],['Unfurnished'],['Ready to Move'],['0'],['West'],"₹ 86,00,000"
"OMR, Chennai, Tamil Nadu",['Houses & Villas'],['1500'],['2'],['2'],['Semi-Furnished'],['Ready to Move'],['0'],['West'],"₹ 85,00,000"
"Madipakkam, Chennai, Tamil Nadu",['Houses & Villas'],['1200'],['4+'],['4+'],['Semi-Furnished'],['Ready to Move'],['0'],['South'],"₹ 88,00,000"
"Adambakkam, Chennai, Tamil Nadu",['Houses & Villas'],['1750'],['4+'],['4+'],['Semi-Furnished'],['Ready to Move'],['0'],['North-West'],"₹ 2,85,00,000"
"Adambakkam, Chennai, Tamil Nadu",['Houses & Villas'],['1200'],['4+'],['4+'],['Semi-Furnished'],['Ready to Move'],['0'],['East'],"₹ 95,00,000"
"Adambakkam, Chennai, Tamil Nadu",['Apartments'],['893'],['2'],['2'],['Semi-Furnished'],['Ready to Move'],['1'],['North'],"₹ 55,00,000"
"Vasant Vihar, Bilaspur, Chhattisgarh",['Houses & Villas'],['1000'],['2'],['2'],['Semi-Furnished'],['New Launch'],['1'],['East'],"₹ 21,99,000"
"Pokkunnu, Kozhikode, Kerala",['Apartments'],['1147'],['2'],['2'],['Unfurnished'],['Ready to Move'],,,"₹ 77,00,000"
"Sipcot Industrial Park Irunkattukottia, Chennai, Tamil Nadu",['Houses & Villas'],['700'],['1'],['1'],['Semi-Furnished'],['Under Construction'],,['North-East'],"₹ 27,50,000"
"Kazhakoottam, Thiruvananthapuram, Kerala",['Houses & Villas'],['2400'],['4+'],['4+'],['Furnished'],['Ready to Move'],['2'],['East'],"₹ 99,00,000"
"Assissi Nagar, Aluva, Kerala",['Houses & Villas'],['1550'],['3'],['3'],['Semi-Furnished'],['Ready to Move'],,['East'],"₹ 55,00,000"
"Matigara, Siliguri, West Bengal",['Apartments'],['1035'],['2'],['2'],['Furnished'],['Ready to Move'],['1'],['North'],"₹ 60,00,000"
"Muringoor, Koratty, Kerala",['Houses & Villas'],['1450'],['3'],['3'],['Semi-Furnished'],['Ready to Move'],,['North'],"₹ 55,00,000"
"Vartak Nagar, Thane, Maharashtra",['Apartments'],['680'],['1'],['2'],['Unfurnished'],['Ready to Move'],['18'],['East'],"₹ 73,00,000"
"Thirumala, Thiruvananthapuram, Kerala",['Houses & Villas'],['2100'],['4'],['4'],['Semi-Furnished'],['Ready to Move'],,,"₹ 62,00,000"
"Muringoor, Koratty, Kerala",['Houses & Villas'],['1700'],['3'],['2'],['Semi-Furnished'],['Ready to Move'],,,"₹ 49,00,000"
"Thirumala, Thiruvananthapuram, Kerala",['Houses & Villas'],['1900'],['3'],['3'],['Semi-Furnished'],['Ready to Move'],,,"₹ 55,00,000"
"SEVOKE ROAD, Siliguri, West Bengal",['Apartments'],['1686'],['3'],['3'],['Semi-Furnished'],['Ready to Move'],['1'],['East'],"₹ 84,00,000"
"Jyoti Nagar, Siliguri, West Bengal",['Apartments'],['1384'],['3'],['2'],['Unfurnished'],['Ready to Move'],['3'],,"₹ 54,00,000"
"Manipal, Udupi, Karnataka",['Apartments'],['1785'],['3'],['3'],['Semi-Furnished'],['Ready to Move'],['1'],['North'],"₹ 62,00,000"
"Booty, Ranchi, Jharkhand",['Builder Floors'],['1350'],['2'],['2'],['Semi-Furnished'],['Under Construction'],['4'],['East'],"₹ 46,00,000"
